page_url,media_url,media_type,local_path,alt_text,title,page_title,crawl_timestamp,http_status,file_size,width,height,mime_type
https://www.al-mahroos.sa/en/products,https://cdn.prod.website-files.com/65e0655a80952f942f83458b/67459dba2bb75fdd14117b14_albandary_rice_brand.png,image,uncategorized/67459dba2bb75fdd14117b14_albandary_rice_brand_2df8b37a.png,,,Premium Products | Explore Our Wide Range of Quality Foods,2026-07-13T11:13:14.518456+00:00,200,59835,1000,1000,image/png
https://www.al-mahroos.sa/en/products,https://cdn.prod.website-files.com/65e0655a80952f942f83458b/6744bb2679d7d2d4cb997827_orlanda-calrose-rice-bag-5kg.jpg,image,en/products/6744bb2679d7d2d4cb997827_orlanda-calrose-rice-bag-5kg_c85f2c29.jpg,,,Premium Products | Explore Our Wide Range of Quality Foods,2026-07-13T11:13:14.935233+00:00,200,237189,2000,2000,image/jpeg
https://www.al-mahroos.sa/en/products,https://cdn.prod.website-files.com/65e0655a80952f942f83458b/673d9220230332dedfc1aec9_abu-kharoof-white-basmati-rice-bag-5kg.jpg,image,en/products/673d9220230332dedfc1aec9_abu-kharoof-white-basmati-rice-bag-5kg_d0cfc552.jpg,,,Premium Products | Explore Our Wide Range of Quality Foods,2026-07-13T11:13:15.168426+00:00,200,229503,2000,2000,image/jpeg
https://www.al-mahroos.sa/en/products,https://cdn.prod.website-files.com/65e0655a80952f942f83458b/68abf4dac3a6a586fe286ce2_Mawada-Sela-Rice-5-Kg-new-De.png,image,en/products/68abf4dac3a6a586fe286ce2_Mawada-Sela-Rice-5-Kg-new-De_3a5189ce.png,,,Premium Products | Explore Our Wide Range of Quality Foods,2026-07-13T11:13:15.176992+00:00,200,497077,1155,1753,image/png
https://www.al-mahroos.sa/en/products,https://cdn.prod.website-files.com/65e0655a80952f942f83458b/6744bb2e4c85028175d8fdb1_al-bandary-yellow-sella-basmati-rice-bag-10kg.jpg,image,en/products/6744bb2e4c85028175d8fdb1_al-bandary-yellow-sella-basmati-rice-bag-10kg_8f62ef5c.jpg,,,Premium Products | Explore Our Wide Range of Quality Foods,2026-07-13T11:13:15.267891+00:00,200,476505,2000,2000,image/jpeg
https://www.al-mahroos.sa/en/products,https://cdn.prod.website-files.com/65e0655a80952f942f83458b/68400c2e9cb0988abe40d648_charminar-white-basmati-rice-bag-5kg%20(1).png,image,en/products/68400c2e9cb0988abe40d648_charminar-white-basmati-rice-bag-5kg_1__1df8103c.png,High-quality basmati rice package,,Premium Products | Explore Our Wide Range of Quality Foods,2026-07-13T11:13:15.686397+00:00,200,927649,4000,4000,image/png
https://www.al-mahroos.sa/en/products,https://cdn.prod.website-files.com/65e0655a80952f942f83458b/6744bb1a88c2813f259062c6_taj-al-hind-royal-white-basmati-rice-bag-5kg.jpg,image,en/products/6744bb1a88c2813f259062c6_taj-al-hind-royal-white-basmati-rice-bag-5kg_3ae927b9.jpg,,,Premium Products | Explore Our Wide Range of Quality Foods,2026-07-13T11:13:15.736938+00:00,200,372284,2000,2000,image/jpeg
https://www.al-mahroos.sa/en/products,https://cdn.prod.website-files.com/65e0655a80952f942f83458b/6744bb319a318aff9278618b_bint-alkhaleej-yellow-sella-basmati-rice-bag-10kg.jpg,image,en/products/6744bb319a318aff9278618b_bint-alkhaleej-yellow-sella-basmati-rice-bag-10kg_cdbbe657.jpg,,,Premium Products | Explore Our Wide Range of Quality Foods,2026-07-13T11:13:15.806527+00:00,200,410839,2000,2000,image/jpeg
https://www.al-mahroos.sa/en/products,https://cdn.prod.website-files.com/65e0655a80952f942f83458b/6981bbbd811f8b0c47c7c5d9_Tandy-Asian-Star-Vietnam-rice-5-kg.png,image,en/products/6981bbbd811f8b0c47c7c5d9_Tandy-Asian-Star-Vietnam-rice-5-kg_5fd3adab.png,,,Premium Products | Explore Our Wide Range of Quality Foods,2026-07-13T11:13:15.835232+00:00,200,491548,1668,2529,image/png
https://www.al-mahroos.sa/en/products,https://cdn.prod.website-files.com/65e0655a80952f942f83458b/6a12f8035b87f35e600fface_BAB-AL-KHAIR-CREAMY-BASMATI-RICE-40-KG.png,image,en/products/6a12f8035b87f35e600fface_BAB-AL-KHAIR-CREAMY-BASMATI-RICE-40-KG_542ce04b.png,,,Premium Products | Explore Our Wide Range of Quality Foods,2026-07-13T11:13:15.912577+00:00,200,451041,1222,1881,image/png
https://www.al-mahroos.sa/en/products,https://cdn.prod.website-files.com/65e0655a80952f942f83458b/68abf4d963058d92e8b26d39_tandy-parboiled-rice-bag-5kg.png,image,en/products/68abf4d963058d92e8b26d39_tandy-parboiled-rice-bag-5kg_9390dcd4.png,,,Premium Products | Explore Our Wide Range of Quality Foods,2026-07-13T11:13:16.025182+00:00,200,59514,640,640,image/png
https://www.al-mahroos.sa/en/products,https://cdn.prod.website-files.com/65e0655a80952f942f83458b/6744bb1c42b0a7660e78fb38_punjabi-bab-al-khair-white-basmati-rice-bag-10kg.jpg,image,en/products/6744bb1c42b0a7660e78fb38_punjabi-bab-al-khair-white-basmati-rice-bag-10kg_ede2f256.jpg,,,Premium Products | Explore Our Wide Range of Quality Foods,2026-07-13T11:13:16.179195+00:00,200,316383,2000,2000,image/jpeg
https://www.al-mahroos.sa/en/products,https://cdn.prod.website-files.com/65e0655a80952f942f83458b/68abf4daaff7cfa94cf525de_American-Girl-Parboiled-Rice-10-Kg.png,image,en/products/68abf4daaff7cfa94cf525de_American-Girl-Parboiled-Rice-10-Kg_b3b2e353.png,,,Premium Products | Explore Our Wide Range of Quality Foods,2026-07-13T11:13:16.250270+00:00,200,466341,1269,2055,image/png
https://www.al-mahroos.sa/en/products,https://cdn.prod.website-files.com/65e0655a80952f942f83458b/6981bbbfb2b9830eceefa658_Almas-Mazza-Basmati-Rice-5-kg.png,image,en/products/6981bbbfb2b9830eceefa658_Almas-Mazza-Basmati-Rice-5-kg_a48827ef.png,,,Premium Products | Explore Our Wide Range of Quality Foods,2026-07-13T11:13:16.294535+00:00,200,467194,1234,1823,image/png
https://www.al-mahroos.sa/en/products,https://cdn.prod.website-files.com/65e0655a80952f942f83458b/6744bb2ef6ca04d00931fb8b_alkursi-sella-yellow-basmati-rice-bag-40kg.jpg,image,en/products/6744bb2ef6ca04d00931fb8b_alkursi-sella-yellow-basmati-rice-bag-40kg_382abca7.jpg,,,Premium Products | Explore Our Wide Range of Quality Foods,2026-07-13T11:13:16.314556+00:00,200,467934,2000,2000,image/jpeg
https://www.al-mahroos.sa/en/products,https://cdn.prod.website-files.com/65e0655a80952f942f83458b/6744bb31122cd16908aabb09_charminar-brown-basmati-rice-bag-2kg.jpg,image,en/products/6744bb31122cd16908aabb09_charminar-brown-basmati-rice-bag-2kg_5c977f33.jpg,,,Premium Products | Explore Our Wide Range of Quality Foods,2026-07-13T11:13:16.396294+00:00,200,261870,2000,2000,image/jpeg
https://www.al-mahroos.sa/en/products,https://cdn.prod.website-files.com/65e0655a80952f942f83458b/68abf4da19e98fd49fa6634c_abu-ali-white-rice-bag-5kg-6281091001341.png,image,en/products/68abf4da19e98fd49fa6634c_abu-ali-white-rice-bag-5kg-6281091001341_79409e6f.png,,,Premium Products | Explore Our Wide Range of Quality Foods,2026-07-13T11:13:16.499302+00:00,200,462670,1272,1964,image/png
https://www.al-mahroos.sa/en/products,https://cdn.prod.website-files.com/65e0655a80952f942f83458b/698c402bba7333a00b2cfd7a_Orlanda%20Rice%20Logo.png,image,en/products/698c402bba7333a00b2cfd7a_Orlanda_Rice_Logo_78ea7b5f.png,,,Premium Products | Explore Our Wide Range of Quality Foods,2026-07-13T11:13:16.651223+00:00,200,110434,1655,1215,image/png
